{"cameraMode":{"drawMode":0,"name":"Shaded","section":"Shading Mode"},"sceneLighting":false,"audioPlay":false,"sceneViewState":{"showFog":true,"showMaterialUpdate":true,"showSkybox":true,"showFlares":true,"showImageEffects":true,"showParticleSystems":true},"in2DMode":false,"pivot":{"x":-5.932910919189453,"y":1.914872646331787,"z":0.041119158267974856},"rotation":{"x":0.27071473002433779,"y":0.049069568514823917,"z":-0.013817953877151013,"w":0.9613089561462402},"size":1.3515651226043702,"orthographic":false}