{"cameraMode":{"drawMode":0,"name":"Shaded","section":"Shading Mode"},"sceneLighting":false,"audioPlay":false,"sceneViewState":{"showFog":true,"showMaterialUpdate":true,"showSkybox":true,"showFlares":true,"showImageEffects":true,"showParticleSystems":true},"in2DMode":false,"pivot":{"x":8.640168190002442,"y":0.1604871153831482,"z":0.1925811767578125},"rotation":{"x":0.2994922697544098,"y":-0.04434581473469734,"z":0.013936502858996392,"w":0.9529657363891602},"size":3.5289416313171388,"orthographic":false}