{"cameraMode":{"drawMode":0,"name":"Shaded","section":"Shading Mode"},"sceneLighting":false,"audioPlay":false,"sceneViewState":{"showFog":true,"showMaterialUpdate":true,"showSkybox":true,"showFlares":true,"showImageEffects":true,"showParticleSystems":true},"in2DMode":false,"pivot":{"x":8.970000267028809,"y":0.2580000162124634,"z":0.24000000953674317},"rotation":{"x":0.30887681245803835,"y":0.19363363087177277,"z":-0.06438300013542175,"w":0.9289542436599731},"size":1.4289418458938599,"orthographic":false}