{"cameraMode":{"drawMode":0,"name":"Shaded","section":"Shading Mode"},"sceneLighting":false,"audioPlay":false,"sceneViewState":{"showFog":true,"showMaterialUpdate":true,"showSkybox":true,"showFlares":true,"showImageEffects":true,"showParticleSystems":true},"in2DMode":false,"pivot":{"x":8.970000267028809,"y":0.2580000162124634,"z":0.24000000953674317},"rotation":{"x":0.2453703135251999,"y":-0.09000194072723389,"z":0.022885527461767198,"w":0.9649711847305298},"size":1.4289418458938599,"orthographic":false}