{"cameraMode":{"drawMode":0,"name":"Shaded","section":"Shading Mode"},"sceneLighting":false,"audioPlay":false,"sceneViewState":{"showFog":true,"showMaterialUpdate":true,"showSkybox":true,"showFlares":true,"showImageEffects":true,"showParticleSystems":true},"in2DMode":false,"pivot":{"x":8.970000267028809,"y":0.2580000162124634,"z":0.24000000953674317},"rotation":{"x":0.13456536829471589,"y":-0.0193217433989048,"z":0.0026244530454277994,"w":0.9907128810882568},"size":1.8166065216064454,"orthographic":false}