{"cameraMode":{"drawMode":0,"name":"Shaded","section":"Shading Mode"},"sceneLighting":true,"audioPlay":false,"sceneViewState":{"showFog":true,"showMaterialUpdate":true,"showSkybox":true,"showFlares":true,"showImageEffects":true,"showParticleSystems":true},"in2DMode":false,"pivot":{"x":-6.228179454803467,"y":0.9662352204322815,"z":-1.8648107051849366},"rotation":{"x":0.16277411580085755,"y":-0.0014798949705436826,"z":0.0002444645797368139,"w":0.9866622686386108},"size":5.567901134490967,"orthographic":false}