{"cameraMode":{"drawMode":0,"name":"Shaded","section":"Shading Mode"},"sceneLighting":false,"audioPlay":false,"sceneViewState":{"showFog":true,"showMaterialUpdate":false,"showSkybox":true,"showFlares":true,"showImageEffects":true,"showParticleSystems":true},"in2DMode":false,"pivot":{"x":0.01714429259300232,"y":-0.00930967926979065,"z":0.0},"rotation":{"x":0.012831268832087517,"y":0.9837408661842346,"z":-0.1610880047082901,"w":0.07835771143436432},"size":3.5691511631011965,"orthographic":false}