{"cameraMode":{"drawMode":0,"name":"Shaded","section":"Shading Mode"},"sceneLighting":false,"audioPlay":false,"sceneViewState":{"showFog":true,"showMaterialUpdate":false,"showSkybox":true,"showFlares":true,"showImageEffects":true,"showParticleSystems":true},"in2DMode":false,"pivot":{"x":-10.386075019836426,"y":1.5810272693634034,"z":-0.3152954578399658},"rotation":{"x":0.004660218488425016,"y":0.9951125979423523,"z":-0.07958905398845673,"w":0.058265652507543567},"size":14.934595108032227,"orthographic":false}