{"cameraMode":{"drawMode":0,"name":"Shaded","section":"Shading Mode"},"sceneLighting":false,"audioPlay":false,"sceneViewState":{"showFog":true,"showMaterialUpdate":false,"showSkybox":true,"showFlares":true,"showImageEffects":true,"showParticleSystems":true},"in2DMode":false,"pivot":{"x":-10.393346786499024,"y":1.2031418085098267,"z":-0.23801517486572267},"rotation":{"x":-0.0014953254722058774,"y":0.9946966767311096,"z":0.014613251201808453,"w":0.10179737210273743},"size":3.148146390914917,"orthographic":false}