{"cameraMode":{"drawMode":0,"name":"Shaded","section":"Shading Mode"},"sceneLighting":false,"audioPlay":false,"sceneViewState":{"showFog":true,"showMaterialUpdate":false,"showSkybox":true,"showFlares":true,"showImageEffects":true,"showParticleSystems":true},"in2DMode":false,"pivot":{"x":8.970000267028809,"y":0.2580000162124634,"z":0.24000000953674317},"rotation":{"x":0.012831268832087517,"y":0.9837408661842346,"z":-0.1610880047082901,"w":0.07835771143436432},"size":1.4289418458938599,"orthographic":false}