{"cameraMode":{"drawMode":0,"name":"Shaded","section":"Shading Mode"},"sceneLighting":false,"audioPlay":false,"sceneViewState":{"showFog":true,"showMaterialUpdate":false,"showSkybox":true,"showFlares":true,"showImageEffects":true,"showParticleSystems":true},"in2DMode":false,"pivot":{"x":-6.01923942565918,"y":0.5655468702316284,"z":1.8874036073684693},"rotation":{"x":-0.194603830575943,"y":0.6672460436820984,"z":-0.1870461404323578,"w":-0.6942088603973389},"size":2.954984188079834,"orthographic":false}