{"cameraMode":{"drawMode":0,"name":"Shaded","section":"Shading Mode"},"sceneLighting":false,"audioPlay":false,"sceneViewState":{"showFog":true,"showMaterialUpdate":false,"showSkybox":true,"showFlares":true,"showImageEffects":true,"showParticleSystems":true},"in2DMode":false,"pivot":{"x":-0.8849121928215027,"y":1.455566167831421,"z":0.09425262361764908},"rotation":{"x":-0.28070035576820376,"y":-0.6067190170288086,"z":0.24219948053359986,"w":-0.7031635046005249},"size":0.5731421709060669,"orthographic":false}