{"cameraMode":{"drawMode":0,"name":"Shaded","section":"Shading Mode"},"sceneLighting":false,"audioPlay":false,"sceneViewState":{"showFog":true,"showMaterialUpdate":false,"showSkybox":true,"showFlares":true,"showImageEffects":true,"showParticleSystems":true},"in2DMode":false,"pivot":{"x":-0.011694192886352539,"y":0.014141812920570374,"z":0.0},"rotation":{"x":-0.09614156931638718,"y":0.020002122968435289,"z":-0.0019325093599036337,"w":-0.9951648116111755},"size":3.100844144821167,"orthographic":false}