{"cameraMode":{"drawMode":0,"name":"Shaded","section":"Shading Mode"},"sceneLighting":true,"audioPlay":false,"sceneViewState":{"showFog":true,"showMaterialUpdate":false,"showSkybox":true,"showFlares":true,"showImageEffects":true,"showParticleSystems":true},"in2DMode":false,"pivot":{"x":-9.447327613830567,"y":7.143625259399414,"z":-16.42742347717285},"rotation":{"x":-0.009266059845685959,"y":-0.10240168124437332,"z":0.0009536342695355415,"w":-0.9946995973587036},"size":15.301429748535157,"orthographic":false}