{"cameraMode":{"drawMode":0,"name":"Shaded","section":"Shading Mode"},"sceneLighting":false,"audioPlay":false,"sceneViewState":{"showFog":true,"showMaterialUpdate":false,"showSkybox":true,"showFlares":true,"showImageEffects":true,"showParticleSystems":true},"in2DMode":false,"pivot":{"x":-27.804798126220704,"y":-11.164000511169434,"z":20.800697326660158},"rotation":{"x":0.111155204474926,"y":-0.7273327112197876,"z":0.121343694627285,"w":0.6662637591362},"size":3.2289416790008547,"orthographic":false}