{"cameraMode":{"drawMode":0,"name":"Shaded","section":"Shading Mode"},"sceneLighting":false,"audioPlay":false,"sceneViewState":{"showFog":true,"showMaterialUpdate":false,"showSkybox":true,"showFlares":true,"showImageEffects":true,"showParticleSystems":true},"in2DMode":false,"pivot":{"x":-6.578840255737305,"y":1.7112305164337159,"z":-0.6343172788619995},"rotation":{"x":-0.09614156931638718,"y":0.020002122968435289,"z":-0.0019325093599036337,"w":-0.9951648116111755},"size":2.8495187759399416,"orthographic":false}